step,acc_train,f1_train,loss_train,cw_acc_train,acc_val,f1_val,loss_val,cw_acc_val,acc_test,f1_test,loss_test,cw_acc_test,psl_correct,psl_total,acc_psl,pslt_global,cw_avg_prob,local_threshold,cw_psl_total_eval,cw_psl_correct_eval,cw_psl_acc_eval,cw_psl_total_accum,cw_psl_correct_accum,cw_psl_acc_accum
0,0.14285714285714285,0.03571428571428571,1.9467824697494507,"[0.0, 0.0, 0.0, 0.0, 0.0, 1.0, 0.0]",0.12065439672801637,0.03076120959332639,1.9461241892405918,"[0.0, 0.0, 0.0, 0.0, 0.0, 1.0, 0.0]",0.12269938650306748,0.031225604996096803,1.9462268693106515,"[0.0, 0.0, 0.0, 0.0, 0.0, 1.0, 0.0]",0,0,,0.0,"[0.1428571492433548, 0.1428571492433548, 0.1428571492433548, 0.1428571492433548, 0.1428571492433548, 0.1428571492433548, 0.1428571492433548]","[0, 0, 0, 0, 0, 0, 0]","[0, 0, 0, 0, 0, 0, 0]","[0, 0, 0, 0, 0, 0, 0]","[nan, nan, nan, nan, nan, nan, nan]","[0, 0, 0, 0, 0, 0, 0]","[0, 0, 0, 0, 0, 0, 0]","[nan, nan, nan, nan, nan, nan, nan]"
25,0.2857142857142857,0.15238095238095237,1.9349623918533325,"[0.0, 1.0, 0.0, 0.0, 1.0, 0.0, 0.0]",0.2331288343558282,0.15116330513114104,1.9395205361502512,"[0.133, 0.4, 0.064, 0.0, 0.909, 0.017, 0.0]",0.25357873210633947,0.1747793373497168,1.9386816297258649,"[0.253, 0.4, 0.091, 0.0, 0.921, 0.0, 0.0]",0,0,,0.98,"[0.13462954759597778, 0.14646096527576447, 0.1443735808134079, 0.13002179563045502, 0.16319945454597473, 0.1349923312664032, 0.1463221162557602]","[0.8249387145042419, 0.8974353671073914, 0.8846449851989746, 0.7967048287391663, 1.0, 0.8271616697311401, 0.8965845704078674]","[0, 0, 0, 0, 0, 0, 0]","[0, 0, 0, 0, 0, 0, 0]","[nan, nan, nan, nan, nan, nan, nan]","[0, 0, 0, 0, 0, 0, 0]","[0, 0, 0, 0, 0, 0, 0]","[nan, nan, nan, nan, nan, nan, nan]"
50,0.2857142857142857,0.1904761904761905,1.8953124284744263,"[0.0, 1.0, 0.0, 0.0, 0.0, 1.0, 0.0]",0.25766871165644173,0.22220874901705898,1.9162622894559587,"[0.227, 0.543, 0.0, 0.114, 0.039, 0.678, 0.333]",0.24539877300613497,0.21471080645986737,1.9108543464115688,"[0.373, 0.629, 0.0, 0.086, 0.026, 0.483, 0.18]",1,1,1.0,0.98,"[0.10151637345552444, 0.16003452241420746, 0.1228521540760994, 0.14409953355789185, 0.1328904926776886, 0.17674434185028076, 0.16186238825321198]","[0.5743684768676758, 0.9054576754570007, 0.6950839161872864, 0.8152992725372314, 0.7518797516822815, 1.0, 0.9157995581626892]","[1, 0, 0, 0, 0, 0, 0]","[1, 0, 0, 0, 0, 0, 0]","[1.0, nan, nan, nan, nan, nan, nan]","[1, 0, 0, 0, 0, 0, 0]","[1, 0, 0, 0, 0, 0, 0]","[1.0, nan, nan, nan, nan, nan, nan]"
75,0.42857142857142855,0.3333333333333333,1.690603256225586,"[1.0, 1.0, 0.0, 0.0, 0.0, 1.0, 0.0]",0.3231083844580777,0.2727846123007751,1.8496641976492745,"[0.64, 0.429, 0.026, 0.0, 0.455, 0.542, 0.183]",0.2822085889570552,0.22684224468040043,1.8471453530447823,"[0.733, 0.443, 0.013, 0.0, 0.316, 0.317, 0.131]",37,49,0.7551020408163265,0.98,"[0.26996755599975586, 0.12110590189695358, 0.11498115956783295, 0.10225936770439148, 0.13844522833824158, 0.13502895832061768, 0.11821161955595016]","[1.0, 0.44859427213668823, 0.42590731382369995, 0.3787839114665985, 0.5128217339515686, 0.5001673698425293, 0.4378734230995178]","[31, 11, 0, 0, 0, 6, 1]","[26, 7, 0, 0, 0, 3, 1]","[0.8387096524238586, 0.6363636255264282, nan, nan, nan, 0.5, 1.0]","[32, 11, 0, 0, 0, 6, 1]","[27, 7, 0, 0, 0, 3, 1]","[0.84375, 0.6363636255264282, nan, nan, nan, 0.5, 1.0]"
100,0.8571428571428571,0.8095238095238094,1.5635124444961548,"[1.0, 1.0, 1.0, 0.0, 1.0, 1.0, 1.0]",0.35173824130879344,0.3332705696836956,1.8283024208886283,"[0.48, 0.571, 0.179, 0.043, 0.325, 0.458, 0.45]",0.3558282208588957,0.33131512622920456,1.8106399502073016,"[0.6, 0.6, 0.13, 0.086, 0.329, 0.267, 0.492]",119,200,0.595,0.98,"[0.14503853023052216, 0.2565414607524872, 0.13256259262561798, 0.09353747963905334, 0.11981920897960663, 0.11634329706430435, 0.13615727424621582]","[0.565360963344574, 1.0, 0.5167297124862671, 0.36460959911346436, 0.46705591678619385, 0.45350679755210876, 0.530741810798645]","[92, 54, 2, 1, 7, 23, 21]","[72, 19, 0, 0, 0, 12, 16]","[0.782608687877655, 0.35185185074806213, 0.0, 0.0, 0.0, 0.52173912525177, 0.761904776096344]","[124, 65, 2, 1, 7, 29, 22]","[99, 26, 0, 0, 0, 15, 17]","[0.7983871102333069, 0.4000000059604645, 0.0, 0.0, 0.0, 0.517241358757019, 0.7727272510528564]"
125,1.0,1.0,1.3817511796951294,"[1.0, 1.0, 1.0, 1.0, 1.0, 1.0, 1.0]",0.35173824130879344,0.33970912453606117,1.8123986346381051,"[0.613, 0.343, 0.231, 0.114, 0.247, 0.288, 0.667]",0.36400817995910023,0.3476066220141806,1.7941057103020803,"[0.627, 0.4, 0.338, 0.143, 0.263, 0.15, 0.623]",185,335,0.5522388059701493,0.98,"[0.22864292562007904, 0.1124955490231514, 0.15013174712657928, 0.1568797081708908, 0.12654323875904083, 0.08350224792957306, 0.14180438220500946]","[1.0, 0.4920141398906708, 0.656620979309082, 0.6861340999603271, 0.5534535646438599, 0.36520808935165405, 0.6202001571655273]","[111, 86, 10, 7, 15, 66, 40]","[73, 48, 4, 3, 5, 25, 27]","[0.6576576828956604, 0.5581395626068115, 0.4000000059604645, 0.4285714328289032, 0.3333333432674408, 0.3787878751754761, 0.675000011920929]","[235, 151, 12, 8, 22, 95, 62]","[172, 74, 4, 3, 5, 40, 44]","[0.7319148778915405, 0.4900662302970886, 0.3333333432674408, 0.375, 0.22727273404598236, 0.42105263471603394, 0.7096773982048035]"
150,1.0,1.0,1.291514277458191,"[1.0, 1.0, 1.0, 1.0, 1.0, 1.0, 1.0]",0.3333333333333333,0.31573896547758074,1.8116428443363735,"[0.347, 0.614, 0.064, 0.271, 0.208, 0.407, 0.5]",0.36809815950920244,0.34932187341816806,1.7912454775401525,"[0.507, 0.671, 0.091, 0.314, 0.263, 0.267, 0.492]",204,421,0.4845605700712589,0.98,"[0.1251775026321411, 0.21434111893177032, 0.06910058856010437, 0.16172638535499573, 0.15429016947746277, 0.12344804406166077, 0.1519160121679306]","[0.584010660648346, 1.0, 0.3223860561847687, 0.7545280456542969, 0.7198346853256226, 0.5759419798851013, 0.7087581157684326]","[97, 82, 18, 28, 30, 103, 63]","[63, 47, 3, 7, 11, 41, 32]","[0.6494845151901245, 0.5731707215309143, 0.1666666716337204, 0.25, 0.36666667461395264, 0.3980582654476166, 0.5079365372657776]","[332, 233, 30, 36, 52, 198, 125]","[235, 121, 7, 10, 16, 81, 76]","[0.7078313231468201, 0.5193132758140564, 0.23333333432674408, 0.2777777910232544, 0.3076923191547394, 0.40909090638160706, 0.6079999804496765]"
175,1.0,1.0,1.2461482286453247,"[1.0, 1.0, 1.0, 1.0, 1.0, 1.0, 1.0]",0.3496932515337423,0.3403047044525844,1.8101783548082624,"[0.413, 0.471, 0.115, 0.186, 0.312, 0.441, 0.583]",0.37627811860940696,0.36471094759539596,1.7810685668672834,"[0.573, 0.571, 0.156, 0.214, 0.276, 0.267, 0.607]",237,506,0.4683794466403162,0.98,"[0.12485186755657196, 0.1401427686214447, 0.10161104798316956, 0.1385120153427124, 0.19307051599025726, 0.14463485777378082, 0.15717670321464539]","[0.6466646194458008, 0.7258630990982056, 0.5262898206710815, 0.7174167037010193, 1.0, 0.7491297125816345, 0.8140895962715149]","[88, 113, 31, 34, 53, 103, 84]","[44, 69, 15, 10, 23, 34, 42]","[0.5, 0.6106194853782654, 0.4838709533214569, 0.29411765933036804, 0.43396225571632385, 0.3300970792770386, 0.5]","[420, 346, 61, 70, 105, 301, 209]","[279, 190, 22, 20, 39, 115, 118]","[0.6642857193946838, 0.5491329431533813, 0.3606557250022888, 0.2857142984867096, 0.37142857909202576, 0.38205981254577637, 0.5645933151245117]"
200,1.0,1.0,1.219281792640686,"[1.0, 1.0, 1.0, 1.0, 1.0, 1.0, 1.0]",0.3312883435582822,0.3173953628757101,1.809586477279663,"[0.587, 0.414, 0.141, 0.2, 0.195, 0.22, 0.6]",0.3660531697341513,0.34074830560391095,1.7796408585139682,"[0.667, 0.557, 0.104, 0.286, 0.25, 0.117, 0.59]",263,608,0.43256578947368424,0.98,"[0.24814274907112122, 0.15329468250274658, 0.095626600086689, 0.10719770938158035, 0.1567574441432953, 0.049932051450014114, 0.18904855847358704]","[1.0, 0.6177681088447571, 0.38536930084228516, 0.43200016021728516, 0.6317228674888611, 0.20122309029102325, 0.7618540525436401]","[81, 113, 52, 67, 78, 116, 101]","[45, 62, 16, 15, 33, 41, 51]","[0.5555555820465088, 0.5486725568771362, 0.3076923191547394, 0.2238806039094925, 0.42307692766189575, 0.3534482717514038, 0.5049505233764648]","[501, 459, 113, 137, 183, 417, 310]","[324, 252, 38, 35, 72, 156, 169]","[0.6467065811157227, 0.5490196347236633, 0.3362831771373749, 0.2554744482040405, 0.39344263076782227, 0.3741007149219513, 0.5451613068580627]"
225,1.0,1.0,1.275604248046875,"[1.0, 1.0, 1.0, 1.0, 1.0, 1.0, 1.0]",0.310838445807771,0.3027190952851117,1.831477345739092,"[0.52, 0.314, 0.051, 0.229, 0.169, 0.475, 0.5]",0.3496932515337423,0.33489168088409016,1.8006698131561278,"[0.707, 0.371, 0.065, 0.314, 0.237, 0.267, 0.508]",292,666,0.43843843843843844,0.98,"[0.2520234286785126, 0.10359211266040802, 0.12731993198394775, 0.17279595136642456, 0.11850287020206451, 0.14318573474884033, 0.08257975429296494]","[1.0, 0.41104158759117126, 0.5051908493041992, 0.6856344938278198, 0.47020578384399414, 0.5681445598602295, 0.3276669681072235]","[100, 126, 57, 78, 73, 121, 111]","[49, 78, 20, 24, 17, 42, 62]","[0.49000000953674316, 0.6190476417541504, 0.35087719559669495, 0.3076923191547394, 0.232876718044281, 0.3471074402332306, 0.5585585832595825]","[601, 585, 170, 215, 256, 538, 421]","[373, 330, 58, 59, 89, 198, 231]","[0.6206322908401489, 0.5641025900840759, 0.34117648005485535, 0.27441859245300293, 0.34765625, 0.36802974343299866, 0.5486935973167419]"
250,1.0,1.0,1.1923376321792603,"[1.0, 1.0, 1.0, 1.0, 1.0, 1.0, 1.0]",0.34355828220858897,0.35749789259676196,1.8073645183018276,"[0.413, 0.4, 0.103, 0.371, 0.364, 0.254, 0.533]",0.39263803680981596,0.3862618622306649,1.766526985168457,"[0.533, 0.4, 0.117, 0.5, 0.513, 0.117, 0.557]",328,698,0.4699140401146132,0.98,"[0.1340571641921997, 0.1429496854543686, 0.12888620793819427, 0.18984675407409668, 0.22739143669605255, 0.03363368660211563, 0.14323481917381287]","[0.5895435810089111, 0.6286502480506897, 0.5668032765388489, 0.8348896503448486, 1.0, 0.1479109674692154, 0.6299042105674744]","[136, 123, 60, 64, 112, 111, 92]","[67, 79, 25, 21, 31, 43, 62]","[0.49264705181121826, 0.642276406288147, 0.4166666567325592, 0.328125, 0.2767857015132904, 0.38738739490509033, 0.6739130616188049]","[737, 708, 230, 279, 368, 649, 513]","[440, 409, 83, 80, 120, 241, 293]","[0.5970149040222168, 0.5776836276054382, 0.36086955666542053, 0.2867383658885956, 0.32608696818351746, 0.3713405132293701, 0.5711501240730286]"
275,1.0,1.0,1.205405831336975,"[1.0, 1.0, 1.0, 1.0, 1.0, 1.0, 1.0]",0.3394683026584867,0.33489940844248206,1.8089129277638027,"[0.427, 0.3, 0.09, 0.271, 0.416, 0.305, 0.617]",0.3721881390593047,0.36201188568223064,1.776759774344308,"[0.547, 0.314, 0.117, 0.4, 0.461, 0.167, 0.607]",340,749,0.4539385847797063,0.98,"[0.2200300395488739, 0.13423925638198853, 0.08247288316488266, 0.15865078568458557, 0.13803036510944366, 0.12048225849866867, 0.14609426259994507]","[1.0, 0.6100951433181763, 0.3748255670070648, 0.7210415005683899, 0.6273251175880432, 0.5475718379020691, 0.6639741659164429]","[135, 133, 59, 69, 105, 126, 122]","[76, 79, 29, 20, 40, 41, 55]","[0.5629629492759705, 0.5939849615097046, 0.49152541160583496, 0.28985506296157837, 0.380952388048172, 0.3253968358039856, 0.4508196711540222]","[872, 841, 289, 348, 473, 775, 635]","[516, 488, 112, 100, 160, 282, 348]","[0.5917431116104126, 0.5802615880966187, 0.387543261051178, 0.28735631704330444, 0.33826637268066406, 0.3638709783554077, 0.5480315089225769]"
300,1.0,1.0,1.1961067914962769,"[1.0, 1.0, 1.0, 1.0, 1.0, 1.0, 1.0]",0.3660531697341513,0.3601895044380898,1.7904036011014666,"[0.427, 0.443, 0.141, 0.414, 0.195, 0.407, 0.617]",0.41922290388548056,0.4109359709082738,1.757878943852016,"[0.533, 0.514, 0.221, 0.443, 0.25, 0.267, 0.754]",386,785,0.49171974522292994,0.98,"[0.14134690165519714, 0.14476600289344788, 0.08986848592758179, 0.25032949447631836, 0.10323328524827957, 0.1304440200328827, 0.14001166820526123]","[0.5646434426307678, 0.5783018469810486, 0.3590008020401001, 1.0, 0.4123896062374115, 0.5210893154144287, 0.5593095421791077]","[143, 143, 67, 58, 96, 145, 133]","[90, 87, 27, 18, 34, 58, 72]","[0.6293706297874451, 0.6083915829658508, 0.4029850661754608, 0.3103448152542114, 0.3541666567325592, 0.4000000059604645, 0.5413534045219421]","[1015, 984, 356, 406, 569, 920, 768]","[606, 575, 139, 118, 194, 340, 420]","[0.5970443487167358, 0.5843495726585388, 0.3904494345188141, 0.29064038395881653, 0.34094902873039246, 0.3695652186870575, 0.546875]"
325,0.8571428571428571,0.8095238095238094,1.3835300207138062,"[1.0, 1.0, 0.0, 1.0, 1.0, 1.0, 1.0]",0.32719836400818,0.31105140603152703,1.8202963250023978,"[0.427, 0.414, 0.013, 0.157, 0.39, 0.508, 0.45]",0.3660531697341513,0.35229629979928223,1.7933664287839617,"[0.573, 0.529, 0.039, 0.229, 0.434, 0.3, 0.475]",373,876,0.4257990867579909,0.98,"[0.21093568205833435, 0.1436043083667755, 0.08433417230844498, 0.13535159826278687, 0.14820531010627747, 0.18659350275993347, 0.09097522497177124]","[1.0, 0.6807966828346252, 0.39980989694595337, 0.6416723728179932, 0.7026090025901794, 0.8845990300178528, 0.43129366636276245]","[162, 168, 72, 78, 97, 146, 153]","[85, 97, 25, 21, 32, 51, 62]","[0.5246913433074951, 0.5773809552192688, 0.3472222089767456, 0.26923078298568726, 0.3298968970775604, 0.3493150770664215, 0.40522876381874084]","[1177, 1152, 428, 484, 666, 1066, 921]","[691, 672, 164, 139, 226, 391, 482]","[0.5870857834815979, 0.5833333134651184, 0.38317757844924927, 0.2871900796890259, 0.33933934569358826, 0.3667917549610138, 0.5233442187309265]"
350,1.0,1.0,1.1820234060287476,"[1.0, 1.0, 1.0, 1.0, 1.0, 1.0, 1.0]",0.3660531697341513,0.3647146758939504,1.7820241723741803,"[0.4, 0.443, 0.205, 0.357, 0.234, 0.339, 0.65]",0.3967280163599182,0.3916469514431559,1.7501153400966099,"[0.52, 0.557, 0.247, 0.371, 0.263, 0.183, 0.656]",307,700,0.43857142857142856,0.98,"[0.1585594266653061, 0.15311004221439362, 0.17406420409679413, 0.16351483762264252, 0.14338108897209167, 0.09555546939373016, 0.11181474477052689]","[0.9109249711036682, 0.879618227481842, 1.0, 0.9393938183784485, 0.8237252831459045, 0.5489668250083923, 0.6423764228820801]","[146, 95, 64, 66, 66, 150, 113]","[77, 53, 23, 25, 24, 53, 52]","[0.5273972749710083, 0.557894766330719, 0.359375, 0.3787878751754761, 0.3636363744735718, 0.35333332419395447, 0.4601770043373108]","[1323, 1247, 492, 550, 732, 1216, 1034]","[768, 725, 187, 164, 250, 444, 534]","[0.5804988741874695, 0.5813953280448914, 0.38008129596710205, 0.29818183183670044, 0.34153005480766296, 0.36513158679008484, 0.5164409875869751]"
375,1.0,1.0,1.1802959442138672,"[1.0, 1.0, 1.0, 1.0, 1.0, 1.0, 1.0]",0.3476482617586912,0.3396357110203099,1.803625958306449,"[0.44, 0.457, 0.09, 0.4, 0.195, 0.441, 0.483]",0.38445807770961143,0.37618139876915413,1.773308195386614,"[0.587, 0.514, 0.156, 0.429, 0.224, 0.3, 0.508]",392,911,0.43029637760702527,0.98,"[0.16324587166309357, 0.16629649698734283, 0.12183719128370285, 0.254528284072876, 0.0999414473772049, 0.11266151070594788, 0.08148902654647827]","[0.6413663029670715, 0.6533517241477966, 0.4786784052848816, 1.0, 0.39265361428260803, 0.4426286518573761, 0.3201570510864258]","[163, 168, 90, 78, 88, 146, 178]","[88, 99, 33, 20, 30, 54, 68]","[0.5398772954940796, 0.5892857313156128, 0.36666667461395264, 0.25641027092933655, 0.34090909361839294, 0.36986300349235535, 0.3820224702358246]","[1486, 1415, 582, 628, 820, 1362, 1212]","[856, 824, 220, 184, 280, 498, 602]","[0.5760430693626404, 0.5823321342468262, 0.37800687551498413, 0.2929936349391937, 0.3414634168148041, 0.36563876271247864, 0.49669966101646423]"
400,1.0,1.0,1.1784374713897705,"[1.0, 1.0, 1.0, 1.0, 1.0, 1.0, 1.0]",0.35787321063394684,0.34776341438801417,1.7944532871246337,"[0.467, 0.529, 0.231, 0.286, 0.104, 0.492, 0.467]",0.37014314928425357,0.3527903373912246,1.77734466280256,"[0.6, 0.6, 0.221, 0.286, 0.092, 0.3, 0.525]",397,883,0.44960362400906,0.98,"[0.1852305382490158, 0.22429360449314117, 0.17384354770183563, 0.1547842025756836, 0.07802880555391312, 0.0944913923740387, 0.08932770043611526]","[0.8258395791053772, 1.0, 0.775071382522583, 0.690096378326416, 0.3478868901729584, 0.42128437757492065, 0.3982623517513275]","[178, 146, 115, 67, 98, 141, 138]","[104, 87, 39, 19, 36, 46, 66]","[0.584269642829895, 0.5958904027938843, 0.3391304314136505, 0.28358209133148193, 0.36734694242477417, 0.326241135597229, 0.47826087474823]","[1664, 1561, 697, 695, 918, 1503, 1350]","[960, 911, 259, 203, 316, 544, 668]","[0.5769230723381042, 0.5836002826690674, 0.37159255146980286, 0.29208633303642273, 0.34422656893730164, 0.36194276809692383, 0.49481481313705444]"
425,1.0,1.0,1.2359005212783813,"[1.0, 1.0, 1.0, 1.0, 1.0, 1.0, 1.0]",0.35991820040899797,0.34690386547470053,1.793481275013515,"[0.413, 0.586, 0.179, 0.314, 0.117, 0.39, 0.6]",0.39263803680981596,0.3742188369638722,1.7623583350862775,"[0.533, 0.643, 0.169, 0.386, 0.118, 0.267, 0.689]",380,903,0.42081949058693247,0.98,"[0.1680653691291809, 0.20270109176635742, 0.09331696480512619, 0.1997431367635727, 0.07837206870317459, 0.11975426971912384, 0.13804695010185242]","[0.8291290998458862, 1.0, 0.460367351770401, 0.985407292842865, 0.3866386115550995, 0.5907924175262451, 0.6810370087623596]","[204, 140, 80, 51, 92, 168, 168]","[90, 80, 28, 17, 29, 63, 73]","[0.44117647409439087, 0.5714285969734192, 0.3499999940395355, 0.3333333432674408, 0.31521740555763245, 0.375, 0.4345238208770752]","[1868, 1701, 777, 746, 1010, 1671, 1518]","[1050, 991, 287, 220, 345, 607, 741]","[0.562098503112793, 0.5825984477996826, 0.36936935782432556, 0.2949061691761017, 0.34158414602279663, 0.3632555305957794, 0.4881422817707062]"
450,1.0,1.0,1.1770069599151611,"[1.0, 1.0, 1.0, 1.0, 1.0, 1.0, 1.0]",0.3456032719836401,0.34269503732872353,1.8008026054927282,"[0.427, 0.371, 0.128, 0.343, 0.221, 0.458, 0.55]",0.3783231083844581,0.3723806205823337,1.7691627093723843,"[0.533, 0.5, 0.13, 0.457, 0.197, 0.283, 0.59]",370,812,0.45566502463054187,0.98,"[0.24459993839263916, 0.10131048411130905, 0.09970448166131973, 0.1936306655406952, 0.14941664040088654, 0.08795298635959625, 0.12338460236787796]","[1.0, 0.4141885042190552, 0.40762266516685486, 0.7916218638420105, 0.6108613014221191, 0.359578937292099, 0.5044342875480652]","[190, 141, 52, 62, 102, 158, 107]","[103, 88, 24, 21, 27, 61, 46]","[0.5421052575111389, 0.6241135001182556, 0.4615384638309479, 0.33870968222618103, 0.2647058963775635, 0.3860759437084198, 0.42990654706954956]","[2058, 1842, 829, 808, 1112, 1829, 1625]","[1153, 1079, 311, 241, 372, 668, 787]","[0.5602526664733887, 0.5857763290405273, 0.37515076994895935, 0.29826733469963074, 0.33453238010406494, 0.3652268946170807, 0.4843077063560486]"
475,1.0,1.0,1.1787869930267334,"[1.0, 1.0, 1.0, 1.0, 1.0, 1.0, 1.0]",0.3824130879345603,0.3703008335889364,1.780750322341919,"[0.4, 0.6, 0.231, 0.429, 0.195, 0.237, 0.633]",0.38650306748466257,0.3624244399934603,1.757640770503453,"[0.533, 0.629, 0.208, 0.371, 0.184, 0.1, 0.705]",440,958,0.4592901878914405,0.98,"[0.15669363737106323, 0.19094614684581757, 0.1683562994003296, 0.16913551092147827, 0.10764912515878677, 0.04099830985069275, 0.1662207543849945]","[0.8206169009208679, 1.0, 0.8816952109336853, 0.8857759833335876, 0.5637669563293457, 0.21471138298511505, 0.8705111742019653]","[224, 161, 106, 63, 85, 153, 166]","[132, 92, 36, 19, 32, 46, 83]","[0.5892857313156128, 0.5714285969734192, 0.3396226465702057, 0.30158731341362, 0.3764705955982208, 0.3006536066532135, 0.5]","[2282, 2003, 935, 871, 1197, 1982, 1791]","[1285, 1171, 347, 260, 404, 714, 870]","[0.5631025433540344, 0.5846230387687683, 0.37112298607826233, 0.2985074520111084, 0.33751043677330017, 0.36024218797683716, 0.4857621490955353]"
500,1.0,1.0,1.1755332946777344,"[1.0, 1.0, 1.0, 1.0, 1.0, 1.0, 1.0]",0.3558282208588957,0.3636469704547551,1.799222901889256,"[0.533, 0.414, 0.218, 0.214, 0.26, 0.475, 0.417]",0.3803680981595092,0.38086563417529684,1.7683129480906896,"[0.68, 0.5, 0.182, 0.286, 0.237, 0.283, 0.508]",435,963,0.4517133956386293,0.98,"[0.276488721370697, 0.178608238697052, 0.11258497834205627, 0.10219427943229675, 0.12429036945104599, 0.12436511367559433, 0.0814681127667427]","[1.0, 0.6459874510765076, 0.4071955680847168, 0.3696146309375763, 0.4495314359664917, 0.4498017728328705, 0.2946525812149048]","[220, 155, 104, 77, 112, 141, 154]","[113, 93, 36, 28, 35, 55, 75]","[0.5136363506317139, 0.6000000238418579, 0.3461538553237915, 0.3636363744735718, 0.3125, 0.39007091522216797, 0.48701298236846924]","[2502, 2158, 1039, 948, 1309, 2123, 1945]","[1398, 1264, 383, 288, 439, 769, 945]","[0.5587530136108398, 0.5857275128364563, 0.36862367391586304, 0.3037974536418915, 0.3353705108165741, 0.3622232675552368, 0.4858611822128296]"
525,1.0,1.0,1.1753456592559814,"[1.0, 1.0, 1.0, 1.0, 1.0, 1.0, 1.0]",0.3476482617586912,0.34936101251283447,1.7986772400992257,"[0.44, 0.414, 0.038, 0.414, 0.299, 0.373, 0.517]",0.41513292433537835,0.40891392148458433,1.7465177059173584,"[0.627, 0.486, 0.091, 0.486, 0.355, 0.25, 0.639]",467,1067,0.43767572633552015,0.98,"[0.19943667948246002, 0.11527715623378754, 0.08149208128452301, 0.2314273566007614, 0.17779557406902313, 0.07056479901075363, 0.12400619685649872]","[0.8617679476737976, 0.4981137812137604, 0.35212811827659607, 1.0, 0.7682564854621887, 0.30491122603416443, 0.5358320474624634]","[242, 170, 132, 103, 134, 149, 137]","[124, 90, 46, 45, 40, 44, 78]","[0.5123966932296753, 0.529411792755127, 0.3484848439693451, 0.43689319491386414, 0.2985074520111084, 0.29530200362205505, 0.569343090057373]","[2744, 2328, 1171, 1051, 1443, 2272, 2082]","[1522, 1354, 429, 333, 479, 813, 1023]","[0.5546647310256958, 0.581615149974823, 0.3663535416126251, 0.31684109568595886, 0.33194732666015625, 0.35783451795578003, 0.49135446548461914]"
550,1.0,1.0,1.1946792602539062,"[1.0, 1.0, 1.0, 1.0, 1.0, 1.0, 1.0]",0.37014314928425357,0.3639898514566923,1.7893904106957572,"[0.44, 0.357, 0.103, 0.443, 0.221, 0.542, 0.583]",0.3824130879345603,0.37401736051812245,1.759947831290109,"[0.573, 0.429, 0.13, 0.471, 0.224, 0.267, 0.623]",454,978,0.46421267893660534,0.98,"[0.1315293312072754, 0.10169992595911026, 0.09187952429056168, 0.19484496116638184, 0.14044494926929474, 0.16804642975330353, 0.17155469954013824]","[0.6750460863113403, 0.5219530463218689, 0.47155195474624634, 1.0, 0.7208036184310913, 0.8624622821807861, 0.8804677128791809]","[233, 180, 75, 70, 108, 180, 132]","[124, 96, 33, 33, 30, 61, 77]","[0.5321888327598572, 0.5333333611488342, 0.4399999976158142, 0.4714285731315613, 0.2777777910232544, 0.33888888359069824, 0.5833333134651184]","[2977, 2508, 1246, 1121, 1551, 2452, 2214]","[1646, 1450, 462, 366, 509, 874, 1100]","[0.5529056191444397, 0.5781499147415161, 0.37078651785850525, 0.3264941871166229, 0.3281753659248352, 0.35644373297691345, 0.4968383014202118]"
575,1.0,1.0,1.1731640100479126,"[1.0, 1.0, 1.0, 1.0, 1.0, 1.0, 1.0]",0.36400817995910023,0.3558636598195651,1.7967256205422537,"[0.44, 0.471, 0.115, 0.343, 0.247, 0.525, 0.483]",0.3783231083844581,0.36547667739080575,1.7638967956815448,"[0.533, 0.6, 0.169, 0.414, 0.145, 0.267, 0.557]",449,1039,0.43214629451395575,0.98,"[0.2248963862657547, 0.13290755450725555, 0.07385347783565521, 0.12463945895433426, 0.12211346626281738, 0.19987766444683075, 0.12171182036399841]","[1.0, 0.590972363948822, 0.32838889956474304, 0.5542083382606506, 0.5429765582084656, 0.8887544274330139, 0.5411906242370605]","[240, 176, 113, 98, 84, 152, 176]","[115, 93, 50, 32, 26, 48, 85]","[0.4791666567325592, 0.5284090638160706, 0.44247788190841675, 0.3265306055545807, 0.3095238208770752, 0.31578946113586426, 0.4829545319080353]","[3217, 2684, 1359, 1219, 1635, 2604, 2390]","[1761, 1543, 512, 398, 535, 922, 1185]","[0.547404408454895, 0.5748882293701172, 0.37674760818481445, 0.3264971375465393, 0.32721713185310364, 0.35407066345214844, 0.4958159029483795]"
600,1.0,1.0,1.1804513931274414,"[1.0, 1.0, 1.0, 1.0, 1.0, 1.0, 1.0]",0.3783231083844581,0.37411395145807547,1.7829881974628994,"[0.413, 0.329, 0.256, 0.4, 0.273, 0.322, 0.717]",0.3885480572597137,0.3817904822426598,1.764996678488595,"[0.533, 0.429, 0.234, 0.343, 0.224, 0.233, 0.77]",462,1051,0.439581351094196,0.98,"[0.24047166109085083, 0.05854841321706772, 0.1064709946513176, 0.14595896005630493, 0.15441228449344635, 0.09054972976446152, 0.20358781516551971]","[1.0, 0.24347323179244995, 0.4427590072154999, 0.6069694757461548, 0.6421225666999817, 0.3765505254268646, 0.8466187715530396]","[253, 132, 105, 107, 111, 158, 185]","[135, 87, 39, 28, 34, 62, 77]","[0.5335968136787415, 0.6590909361839294, 0.37142857909202576, 0.2616822421550751, 0.30630630254745483, 0.39240506291389465, 0.4162162244319916]","[3470, 2816, 1464, 1326, 1746, 2762, 2575]","[1896, 1630, 551, 426, 569, 984, 1262]","[0.5463976860046387, 0.5788352489471436, 0.37636610865592957, 0.3212669789791107, 0.3258877396583557, 0.35626357793807983, 0.4900970757007599]"
625,1.0,1.0,1.1754915714263916,"[1.0, 1.0, 1.0, 1.0, 1.0, 1.0, 1.0]",0.37627811860940696,0.3642127261076272,1.7784821374075754,"[0.413, 0.4, 0.423, 0.257, 0.143, 0.339, 0.717]",0.40081799591002043,0.3741528440290531,1.758818200656346,"[0.533, 0.5, 0.416, 0.257, 0.092, 0.2, 0.852]",490,1077,0.45496750232126276,0.98,"[0.22493861615657806, 0.13408993184566498, 0.1741328090429306, 0.10313771665096283, 0.07408685982227325, 0.0659136101603508, 0.22370024025440216]","[1.0, 0.5961178541183472, 0.7741348147392273, 0.458514928817749, 0.3293647766113281, 0.2930293083190918, 0.994494616985321]","[256, 157, 103, 122, 97, 154, 188]","[140, 90, 51, 36, 32, 56, 85]","[0.546875, 0.5732483863830566, 0.49514561891555786, 0.2950819730758667, 0.3298968970775604, 0.3636363744735718, 0.4521276652812958]","[3726, 2973, 1567, 1448, 1843, 2916, 2763]","[2036, 1720, 602, 462, 601, 1040, 1347]","[0.5464304685592651, 0.5785402059555054, 0.38417357206344604, 0.3190607726573944, 0.3260987401008606, 0.3566529452800751, 0.48751357197761536]"
650,1.0,1.0,1.1806491613388062,"[1.0, 1.0, 1.0, 1.0, 1.0, 1.0, 1.0]",0.3783231083844581,0.3829035778353066,1.7777450731822422,"[0.4, 0.343, 0.244, 0.357, 0.364, 0.356, 0.633]",0.41513292433537835,0.4191131155336034,1.7503954138074602,"[0.56, 0.4, 0.273, 0.414, 0.342, 0.25, 0.689]",433,967,0.44777662874870733,0.98,"[0.13572049140930176, 0.058359213173389435, 0.17022152245044708, 0.19732370972633362, 0.19658231735229492, 0.0953257605433464, 0.14646682143211365]","[0.6878063082695007, 0.29575368762016296, 0.8626511096954346, 1.0, 0.9962427616119385, 0.4830932915210724, 0.7422667145729065]","[216, 165, 88, 95, 87, 158, 158]","[122, 95, 30, 25, 29, 53, 79]","[0.5648148059844971, 0.5757575631141663, 0.34090909361839294, 0.2631579041481018, 0.3333333432674408, 0.33544304966926575, 0.5]","[3942, 3138, 1655, 1543, 1930, 3074, 2921]","[2158, 1815, 632, 487, 630, 1093, 1426]","[0.547437846660614, 0.5783938765525818, 0.38187310099601746, 0.31561893224716187, 0.32642486691474915, 0.3555627763271332, 0.4881889820098877]"
675,1.0,1.0,1.1721879243850708,"[1.0, 1.0, 1.0, 1.0, 1.0, 1.0, 1.0]",0.3619631901840491,0.35199056351790375,1.7864797796521867,"[0.453, 0.429, 0.038, 0.5, 0.156, 0.492, 0.567]",0.40081799591002043,0.3921279819881631,1.7461835009711129,"[0.547, 0.486, 0.117, 0.6, 0.197, 0.25, 0.656]",474,1038,0.45664739884393063,0.98,"[0.10784667730331421, 0.16248872876167297, 0.10736490041017532, 0.2867100238800049, 0.061507295817136765, 0.13010233640670776, 0.14397989213466644]","[0.3761524558067322, 0.5667354464530945, 0.37447208166122437, 1.0, 0.214527890086174, 0.4537767171859741, 0.5021795034408569]","[248, 187, 114, 81, 111, 182, 115]","[130, 98, 39, 31, 32, 70, 74]","[0.524193525314331, 0.5240641832351685, 0.34210526943206787, 0.3827160596847534, 0.28828829526901245, 0.38461539149284363, 0.643478274345398]","[4190, 3325, 1769, 1624, 2041, 3256, 3036]","[2288, 1913, 671, 518, 662, 1163, 1500]","[0.5460620522499084, 0.5753383636474609, 0.37931033968925476, 0.31896552443504333, 0.3243508040904999, 0.3571867346763611, 0.4940711557865143]"
700,1.0,1.0,1.1725280284881592,"[1.0, 1.0, 1.0, 1.0, 1.0, 1.0, 1.0]",0.35991820040899797,0.34923856143625576,1.7870663370404924,"[0.44, 0.457, 0.141, 0.357, 0.117, 0.508, 0.6]",0.4069529652351738,0.392517171708779,1.752309547151838,"[0.573, 0.6, 0.182, 0.414, 0.145, 0.283, 0.705]",475,998,0.4759519038076152,0.98,"[0.16846364736557007, 0.19812826812267303, 0.0985158160328865, 0.2152191549539566, 0.08322247862815857, 0.12429686635732651, 0.11215360462665558]","[0.7827539443969727, 0.9205884337425232, 0.4577465057373047, 1.0, 0.38668712973594666, 0.5775362849235535, 0.5211135149002075]","[215, 144, 96, 78, 109, 185, 171]","[115, 96, 34, 31, 44, 69, 86]","[0.5348837375640869, 0.6666666865348816, 0.3541666567325592, 0.39743590354919434, 0.40366971492767334, 0.3729729652404785, 0.5029239654541016]","[4405, 3469, 1865, 1702, 2150, 3441, 3207]","[2403, 2009, 705, 549, 706, 1232, 1586]","[0.5455164313316345, 0.5791294574737549, 0.37801608443260193, 0.32256168127059937, 0.3283720910549164, 0.35803544521331787, 0.494543194770813]"
725,1.0,1.0,1.1727110147476196,"[1.0, 1.0, 1.0, 1.0, 1.0, 1.0, 1.0]",0.3783231083844581,0.3644991382708917,1.780425000190735,"[0.453, 0.514, 0.103, 0.529, 0.117, 0.441, 0.583]",0.40899795501022496,0.3855624831123167,1.7401311022894723,"[0.587, 0.571, 0.182, 0.629, 0.066, 0.233, 0.639]",495,1040,0.47596153846153844,0.98,"[0.2927497327327728, 0.10876091569662094, 0.09918930381536484, 0.24235530197620392, 0.047051697969436646, 0.09797759354114532, 0.11191532015800476]","[1.0, 0.3715150058269501, 0.3388194441795349, 0.8278583288192749, 0.16072328388690948, 0.33468037843704224, 0.3822900950908661]","[246, 181, 94, 90, 122, 157, 150]","[135, 100, 40, 34, 47, 59, 80]","[0.5487805008888245, 0.5524861812591553, 0.42553192377090454, 0.3777777850627899, 0.3852458894252777, 0.3757961690425873, 0.5333333611488342]","[4651, 3650, 1959, 1792, 2272, 3598, 3357]","[2538, 2109, 745, 583, 753, 1291, 1666]","[0.5456891059875488, 0.5778082013130188, 0.38029608130455017, 0.3253348171710968, 0.33142605423927307, 0.3588104546070099, 0.4962764382362366]"
record_time,best_step,test_acc,test_f1,device_idx,dataset,n_labeled_per_class,bs,ul_ratio,lr,weight_u_loss,psl_threshold_h,adaptive_threshold,num_nets,cross_labeling,weight_disagreement,disagree_weight,ema_mode,ema_momentum,val_interval,early_stop_tolerance,max_step,seeds_list,labeling_mode,seed
20240207-124347,475,0.4233128834355828,0.42476671774673697,0,code_complex/java_extended_data,10,7,10,1e-05,1,0.98,True,2,True,True,0.9,False,0.9,25,10,100000,[0],soft,0
