modelname,nshot,learning_rate,threshold,tolerence,acc_val,test_acc,test_f1,best_epoch
codebert,5,1e-5,0.7,10,0.28934,0.21923937360178972,0.19130149420472,15
codebert,1,1e-5,0.7,10,0.228426,0.11185682326621924,0.07313802948750595,26
codebert,1,1e-5,0.7,20,0.235195,0.18120805369127516,0.0885432397060304,7
codebert,1,1e-5,0.7,30,0.145516,0.10961968680089486,0.06765954950560858,18
codebert,1,1e-4,0.7,10,0.275804,0.2058165548098434,0.07840734378113005,3
codebert,1,1e-4,0.7,20,0.230118,0.10961968680089486,0.06942591541030312,10
codebert,1,1e-4,0.7,30,0.20643,0.042505592841163314,0.011649294911097488,19
codebert,1,5e-4,0.7,10,0.199662,0.06040268456375839,0.0162748643761302,3
codebert,1,5e-4,0.7,20,0.236887,0.058165548098434,0.0494590944008844,5
codebert,1,5e-4,0.7,30,0.263959,0.19239373601789708,0.1045753477773609,4
unixcoder,1,1e-5,0.7,10,0.230118,0.16778523489932887,0.10543480966811765,4
unixcoder,1,1e-5,0.7,20,0.285956,0.3422818791946309,0.27172458072500916,26
unixcoder,1,1e-5,0.7,30,0.385787,0.14317673378076062,0.1141213961974215,25
unixcoder,1,1e-4,0.7,10,0.260575,0.19910514541387025,0.1369048184344431,2
unixcoder,1,1e-4,0.7,20,0.263959,0.049217002237136466,0.04196777099618481,4
unixcoder,1,1e-4,0.7,30,0.314721,0.2214765100671141,0.0950990973312402,16
unixcoder,1,5e-4,0.7,10,0.186125,0.10067114093959731,0.03159003159003159,3
unixcoder,1,5e-4,0.7,20,0.174281,0.0894854586129754,0.05627744989891755,2
unixcoder,1,5e-4,0.7,30,0.20643,0.0447427293064877,0.021878428790871183,3
codet5p,1,1e-5,0.7,10,0.208122,0.06487695749440715,0.021291439497687397,9
codet5p,1,1e-5,0.7,20,0.341794,0.1297539149888143,0.09346670284829847,14
codet5p,1,1e-5,0.7,30,0.201354,0.27293064876957496,0.2210486935519968,27
codet5p,1,1e-4,0.7,10,0.252115,0.2751677852348993,0.21800745419481132,24
codet5p,1,1e-4,0.7,20,0.23181,0.22371364653243847,0.09327111126140597,1
codet5p,1,1e-4,0.7,30,0.211506,0.14541387024608501,0.04632391418105704,1
codet5p,1,5e-4,0.7,10,0.250423,0.19015659955257272,0.05443137663284368,3
codet5p,1,5e-4,0.7,20,0.263959,0.09395973154362416,0.05760225083016413,2
codet5p,1,5e-4,0.7,30,0.233503,0.11185682326621924,0.10151091056882995,16
codebert,1,1e-5,0.8,10,0.192893,0.15212527964205816,0.03817008139208532,1
codebert,1,1e-5,0.8,20,0.277496,0.27293064876957496,0.08660822692764414,2
codebert,1,1e-5,0.8,30,0.284264,0.22818791946308725,0.05308352849336456,1
codebert,1,1e-4,0.8,10,0.20643,0.042505592841163314,0.011649294911097488,1
codebert,1,1e-4,0.8,20,0.213198,0.11409395973154363,0.07842510214273142,8
codebert,1,1e-4,0.8,30,0.218274,0.20134228187919462,0.1388615014551421,7
codebert,1,5e-4,0.8,10,0.284264,0.22818791946308725,0.05308352849336456,2
codebert,1,5e-4,0.8,20,0.284264,0.22818791946308725,0.05308352849336456,7
codebert,1,5e-4,0.8,30,0.284264,0.22818791946308725,0.05308352849336456,1
unixcoder,1,1e-5,0.8,10,0.240271,0.11185682326621924,0.09228995600307363,9
unixcoder,1,1e-5,0.8,20,0.228426,0.2595078299776286,0.1886206768558309,16
unixcoder,1,1e-5,0.8,30,0.255499,0.16331096196868009,0.1160858337962896,1
unixcoder,1,1e-4,0.8,10,0.247039,0.08501118568232663,0.0710571348205364,2
unixcoder,1,1e-4,0.8,20,0.196277,0.09172259507829977,0.0859679082395111,5
unixcoder,1,1e-4,0.8,30,0.238579,0.2550335570469799,0.22400827883214966,4
unixcoder,1,5e-4,0.8,10,0.211506,0.15436241610738255,0.038205980066445176,3
unixcoder,1,5e-4,0.8,20,0.199662,0.06040268456375839,0.0162748643761302,3
unixcoder,1,5e-4,0.8,30,0.211506,0.15436241610738255,0.038205980066445176,2
codet5p,1,1e-5,0.8,10,0.211506,0.2483221476510067,0.15319584443672035,28
codet5p,1,1e-5,0.8,20,0.167513,0.0447427293064877,0.0492150061528052,1
codet5p,1,1e-5,0.8,30,0.179357,0.18791946308724833,0.16142036394409337,56
codet5p,1,1e-4,0.8,10,0.221658,0.21476510067114093,0.14262267857168912,4
codet5p,1,1e-4,0.8,20,0.262267,0.21700223713646533,0.1421839586594025,16
codet5p,1,1e-4,0.8,30,0.23181,0.21476510067114093,0.06570048309178743,1
codet5p,1,5e-4,0.8,10,0.241963,0.07606263982102908,0.0663290626424267,3
codet5p,1,5e-4,0.8,20,0.21489,0.16331096196868009,0.1400622368975219,6
codet5p,1,5e-4,0.8,30,0.277496,0.09843400447427293,0.10791504929059213,2
codebert,1,1e-5,0.9,10,0.108291,0.2550335570469799,0.09170524906565516,1
codebert,1,1e-5,0.9,20,0.348562,0.2214765100671141,0.07494868222550144,4
codebert,1,1e-5,0.9,30,0.247039,0.09172259507829977,0.08065181793273964,51
codebert,1,1e-4,0.9,10,0.284264,0.22818791946308725,0.05308352849336456,1
codebert,1,1e-4,0.9,20,0.169205,0.18791946308724833,0.15968520269556605,12
codebert,1,1e-4,0.9,30,0.284264,0.22818791946308725,0.05308352849336456,17
codebert,1,5e-4,0.9,10,0.211506,0.15436241610738255,0.038205980066445176,7
codebert,1,5e-4,0.9,20,0.258883,0.2080536912751678,0.06406041189069153,5
codebert,1,5e-4,0.9,30,0.284264,0.22818791946308725,0.05308352849336456,8
unixcoder,1,1e-5,0.9,10,0.208122,0.12527964205816555,0.12034924319106678,15
unixcoder,1,1e-5,0.9,20,0.307953,0.09843400447427293,0.09099294471266686,21
unixcoder,1,1e-5,0.9,30,0.282572,0.1476510067114094,0.14566400783888847,20
unixcoder,1,1e-4,0.9,10,0.233503,0.2662192393736018,0.21088854176317837,13
unixcoder,1,1e-4,0.9,20,0.255499,0.21476510067114093,0.06084387715289003,2
unixcoder,1,1e-4,0.9,30,0.250423,0.13646532438478748,0.08976688906626674,19
unixcoder,1,5e-4,0.9,10,0.285956,0.1342281879194631,0.055228981544771016,2
unixcoder,1,5e-4,0.9,20,0.284264,0.22818791946308725,0.05308352849336456,5
unixcoder,1,5e-4,0.9,30,0.284264,0.22818791946308725,0.05308352849336456,4
codet5p,1,1e-5,0.9,10,0.258883,0.18568232662192394,0.07011177382724916,2
codet5p,1,1e-5,0.9,20,0.269036,0.21476510067114093,0.05126835781041388,3
codet5p,1,1e-5,0.9,30,0.285956,0.22595078299776286,0.10217499645750618,3
codet5p,1,1e-4,0.9,10,0.284264,0.232662192393736,0.06420534824704832,1
codet5p,1,1e-4,0.9,20,0.219966,0.19463087248322147,0.14825518404860685,47
codet5p,1,1e-4,0.9,30,0.274112,0.25279642058165547,0.1638953746466149,2
codet5p,1,5e-4,0.9,10,0.235195,0.19910514541387025,0.17040747562019926,5
codet5p,1,5e-4,0.9,20,0.245347,0.2058165548098434,0.0924412064981547,2
codet5p,1,5e-4,0.9,30,0.213198,0.09395973154362416,0.0500992869343989,2
codebert,1,1e-5,0.7,10,0.218241,0.22540983606557377,0.13677057749136115,17
codebert,1,1e-5,0.7,20,0.143322,0.0430327868852459,0.011787819253438114,1
codebert,1,1e-5,0.7,30,0.387622,0.17418032786885246,0.08243021346469623,13
codebert,1,1e-4,0.7,10,0.34202,0.2459016393442623,0.14740126341773124,6
codebert,1,1e-4,0.7,20,0.2443,0.14959016393442623,0.09485572085166824,7
codebert,1,1e-4,0.7,30,0.387622,0.16188524590163936,0.0398085159989922,1
codebert,1,5e-4,0.7,10,0.149837,0.05942622950819672,0.03714229047555388,4
codebert,1,5e-4,0.7,20,0.309446,0.13319672131147542,0.051426317124259144,4
codebert,1,5e-4,0.7,30,0.387622,0.16598360655737704,0.0453685815963396,4
unixcoder,1,1e-5,0.7,10,0.162866,0.045081967213114756,0.0400672011786204,2
unixcoder,1,1e-5,0.7,20,0.140065,0.29918032786885246,0.21937343115626737,21
codebert,10,1e-5,0.7,10,0.335025,0.18791946308724833,0.17603926506155868,13
codebert,5,1e-5,0.7,20,0.333333,0.2505592841163311,0.17582109377088237,22
codebert,10,1e-5,0.7,20,0.309645,0.25727069351230425,0.217007624763824,16
codebert,5,1e-5,0.7,30,0.27242,0.23042505592841164,0.17897928665002708,18
codebert,10,1e-5,0.7,30,0.296108,0.19910514541387025,0.06424446450081998,3
codebert,10,1e-4,0.7,10,0.284264,0.22818791946308725,0.05308352849336456,2
codebert,10,1e-4,0.7,20,0.284264,0.22818791946308725,0.05308352849336456,1
codebert,10,1e-4,0.7,30,0.28934,0.21923937360178972,0.05949147719924471,32
codebert,5,1e-4,0.7,10,0.218274,0.14541387024608501,0.04916701735277372,3
codebert,5,1e-4,0.7,20,0.302876,0.27293064876957496,0.12469129663699799,3
codebert,10,5e-4,0.7,10,0.284264,0.22818791946308725,0.05308352849336456,6
codebert,10,5e-4,0.7,20,0.284264,0.22818791946308725,0.05308352849336456,1
codebert,5,1e-4,0.7,30,0.253807,0.203579418344519,0.07614071410410082,2
codebert,10,5e-4,0.7,30,0.284264,0.22818791946308725,0.05308352849336456,6
unixcoder,10,1e-5,0.7,10,0.316413,0.21252796420581654,0.2064364660381651,18
codebert,5,5e-4,0.7,10,0.284264,0.22818791946308725,0.05308352849336456,5
codebert,5,5e-4,0.7,20,0.284264,0.22818791946308725,0.05308352849336456,3
codebert,5,5e-4,0.7,30,0.284264,0.22818791946308725,0.05308352849336456,17
unixcoder,10,1e-5,0.7,20,0.417936,0.1789709172259508,0.20172747288885157,19
unixcoder,5,1e-5,0.7,10,0.350254,0.24608501118568232,0.21076210009324867,22
unixcoder,5,1e-5,0.7,20,0.345178,0.27740492170022374,0.26769899749943143,32
unixcoder,10,1e-5,0.7,30,0.522843,0.21700223713646533,0.23065326156815888,29
unixcoder,5,1e-5,0.7,30,0.316413,0.18344519015659955,0.17970519940436738,45
unixcoder,10,1e-4,0.7,10,0.284264,0.22818791946308725,0.05308352849336456,2
unixcoder,10,1e-4,0.7,20,0.351946,0.24161073825503357,0.2845300831386794,6
unixcoder,10,1e-4,0.7,30,0.436548,0.21252796420581654,0.22315492567710263,6
unixcoder,10,5e-4,0.7,10,0.211506,0.15436241610738255,0.038205980066445176,2
unixcoder,5,1e-4,0.7,10,0.284264,0.22818791946308725,0.05308352849336456,9
unixcoder,10,5e-4,0.7,20,0.284264,0.22818791946308725,0.05308352849336456,17
unixcoder,10,5e-4,0.7,30,0.284264,0.22818791946308725,0.05308352849336456,20
unixcoder,5,1e-4,0.7,20,0.199662,0.06040268456375839,0.0162748643761302,15
codet5p,10,1e-5,0.7,10,0.285956,0.174496644295302,0.05512994954495159,3
unixcoder,5,1e-4,0.7,30,0.402707,0.23937360178970918,0.19145221867512513,6
codet5p,10,1e-5,0.7,20,0.336717,0.27740492170022374,0.2450389001674124,90
codebert,10,5e-4,0.8,20,0.284264,0.22818791946308725,0.05308352849336456,12
codebert,5,5e-4,0.8,20,0.284264,0.22818791946308725,0.05308352849336456,8
codet5p,10,1e-4,0.7,10,0.384095,0.17002237136465326,0.1696505444769547,37
codet5p,10,1e-4,0.7,30,0.384095,0.1297539149888143,0.13465826206456044,30
codet5p,5,1e-5,0.7,20,0.324873,0.21252796420581654,0.1492183988124261,97
codet5p,10,5e-4,0.7,20,0.284264,0.22818791946308725,0.05308352849336456,8
codet5p,5,1e-5,0.7,30,0.28934,0.17002237136465326,0.14424918796925115,24
codebert,10,1e-5,0.8,20,0.252115,0.10514541387024609,0.10520133449249527,15
codet5p,5,1e-4,0.7,20,0.302876,0.17225950782997762,0.14515729462980628,10
codebert,10,1e-5,0.8,30,0.326565,0.23042505592841164,0.21208313213413105,75
codet5p,5,5e-4,0.7,20,0.307953,0.19686800894854586,0.08095920642504494,5
codebert,5,1e-5,0.8,10,0.267343,0.319910514541387,0.20968020459767525,20
codebert,5,1e-5,0.8,30,0.252115,0.15883668903803133,0.10115459370233473,8
codebert,10,1e-4,0.8,20,0.233503,0.22595078299776286,0.13318312892780979,6
codebert,5,1e-4,0.8,20,0.304569,0.28187919463087246,0.18698201327941835,7
codebert,10,5e-4,0.8,10,0.284264,0.22818791946308725,0.05308352849336456,1
codebert,10,5e-4,0.8,30,0.284264,0.22818791946308725,0.05308352849336456,6
unixcoder,10,1e-5,0.8,10,0.380711,0.2505592841163311,0.2452268956575685,12
codet5p,10,1e-5,0.7,30,0.331641,0.2841163310961969,0.26605781909782394,96
unixcoder,5,5e-4,0.7,10,0.284264,0.22818791946308725,0.05561613958560524,2
unixcoder,5,5e-4,0.7,20,0.211506,0.15436241610738255,0.038205980066445176,5
unixcoder,5,5e-4,0.7,30,0.199662,0.06040268456375839,0.0162748643761302,2
codet5p,10,1e-4,0.7,20,0.313029,0.2639821029082774,0.2208686367787315,9
codet5p,5,1e-5,0.7,10,0.23181,0.19463087248322147,0.17964357870889408,16
codet5p,10,5e-4,0.7,10,0.284264,0.22818791946308725,0.05308352849336456,6
codet5p,10,5e-4,0.7,30,0.340102,0.2751677852348993,0.11499409681227864,25
codebert,10,1e-5,0.8,10,0.233503,0.13870246085011187,0.13642890135867344,5
codet5p,5,1e-4,0.7,10,0.226734,0.12080536912751678,0.08506893584075828,3
codet5p,5,1e-4,0.7,30,0.23181,0.18120805369127516,0.16984556697670591,71
codet5p,5,5e-4,0.7,10,0.340102,0.16554809843400448,0.173266357214986,18
codet5p,5,5e-4,0.7,30,0.299492,0.22595078299776286,0.053737696195796755,6
codebert,5,1e-5,0.8,20,0.23181,0.21252796420581654,0.15593336846957165,12
codebert,10,1e-4,0.8,10,0.284264,0.22818791946308725,0.05308352849336456,6
codebert,5,1e-4,0.8,10,0.284264,0.22818791946308725,0.05308352849336456,8
codebert,10,1e-4,0.8,30,0.284264,0.22818791946308725,0.05308352849336456,6
codebert,5,1e-4,0.8,30,0.284264,0.22595078299776286,0.05285190999476714,11
codebert,5,5e-4,0.8,10,0.284264,0.22818791946308725,0.05308352849336456,3
codebert,5,5e-4,0.8,30,0.284264,0.22818791946308725,0.05308352849336456,7
unixcoder,5,1e-5,0.8,10,0.335025,0.1610738255033557,0.17399010972539217,9
unixcoder,10,1e-5,0.8,20,0.407783,0.2483221476510067,0.26602551635176136,32
unixcoder,5,1e-5,0.8,20,0.399323,0.3221476510067114,0.30371947082140455,28
unixcoder,5,1e-5,0.8,30,0.292724,0.29082774049217003,0.2168210209991961,16
unixcoder,10,1e-5,0.8,30,0.225042,0.232662192393736,0.19912438540047314,11
unixcoder,5,1e-4,0.8,10,0.345178,0.30648769574944074,0.2594015194358661,6
unixcoder,10,1e-4,0.8,10,0.353638,0.31543624161073824,0.1535714285714286,2
unixcoder,10,1e-4,0.8,20,0.453469,0.2483221476510067,0.23202713336716618,5
unixcoder,5,1e-4,0.8,20,0.294416,0.1476510067114094,0.16387401319825182,6
unixcoder,10,1e-4,0.8,30,0.445008,0.15436241610738255,0.145342272276306,4
unixcoder,5,1e-4,0.8,30,0.414552,0.24161073825503357,0.2048190057673571,5
unixcoder,10,5e-4,0.8,10,0.20643,0.042505592841163314,0.011649294911097488,4
unixcoder,10,5e-4,0.8,20,0.211506,0.15436241610738255,0.038205980066445176,7
unixcoder,5,5e-4,0.8,10,0.211506,0.15436241610738255,0.038205980066445176,2
unixcoder,10,5e-4,0.8,30,0.211506,0.049217002237136466,0.03496903634748246,1
unixcoder,5,5e-4,0.8,20,0.211506,0.15436241610738255,0.038205980066445176,7
unixcoder,5,5e-4,0.8,30,0.211506,0.15436241610738255,0.038205980066445176,2
codet5p,10,1e-5,0.8,10,0.357022,0.23042505592841164,0.2468339950347782,25
codet5p,5,1e-5,0.8,10,0.201354,0.17225950782997762,0.06514079622693855,3
codet5p,10,1e-5,0.8,20,0.350254,0.17225950782997762,0.1388426390757693,24
codet5p,5,1e-5,0.8,20,0.294416,0.24608501118568232,0.21436712431569707,40
codet5p,10,1e-5,0.8,30,0.433164,0.27069351230425054,0.24685966365029574,50
codet5p,5,1e-5,0.8,30,0.169205,0.1610738255033557,0.12127026985956765,77
codet5p,10,1e-4,0.8,10,0.28934,0.2841163310961969,0.2461513153418742,8
codet5p,10,1e-4,0.8,20,0.401015,0.24384787472035793,0.20802557528079202,37
codet5p,5,1e-4,0.8,10,0.333333,0.1297539149888143,0.11823009783048788,13
codet5p,5,1e-4,0.8,20,0.285956,0.1610738255033557,0.18438510882628023,6
codet5p,10,1e-4,0.8,30,0.379019,0.24384787472035793,0.2567046858214708,8
codet5p,5,1e-4,0.8,30,0.252115,0.2684563758389262,0.1845353734612542,7
codet5p,10,5e-4,0.8,10,0.338409,0.17002237136465326,0.10878482578301747,10
codet5p,5,5e-4,0.8,10,0.284264,0.22818791946308725,0.05308352849336456,2
codet5p,10,5e-4,0.8,20,0.309645,0.15436241610738255,0.11700191531399333,31
codet5p,5,5e-4,0.8,20,0.238579,0.1610738255033557,0.13709463529041668,13
codet5p,5,5e-4,0.8,30,0.284264,0.22818791946308725,0.05308352849336456,2
codet5p,10,5e-4,0.8,30,0.395939,0.17002237136465326,0.07685149390700476,17
codebert,5,1e-5,0.9,10,0.373942,0.2796420581655481,0.1984610960117678,23
codebert,10,1e-5,0.9,10,0.345178,0.2080536912751678,0.12850145885337552,6
codebert,5,1e-5,0.9,20,0.343486,0.18344519015659955,0.17472438976320873,20
codebert,10,1e-5,0.9,20,0.373942,0.15883668903803133,0.16347861921307133,26
codebert,5,1e-5,0.9,30,0.353638,0.2505592841163311,0.22102493220301075,28
codebert,10,1e-5,0.9,30,0.284264,0.22818791946308725,0.05308352849336456,1
codebert,10,1e-4,0.9,10,0.284264,0.22818791946308725,0.05308352849336456,19
codebert,5,1e-4,0.9,10,0.284264,0.22818791946308725,0.05308352849336456,1
codebert,5,1e-4,0.9,20,0.292724,0.23042505592841164,0.15675918011464376,9
codebert,10,1e-4,0.9,20,0.294416,0.13646532438478748,0.05215980144145864,11
codebert,10,1e-4,0.9,30,0.284264,0.22818791946308725,0.05308352849336456,6
codebert,5,1e-4,0.9,30,0.22335,0.16554809843400448,0.07618398415944427,4
codebert,10,5e-4,0.9,10,0.284264,0.22818791946308725,0.05308352849336456,8
codebert,10,5e-4,0.9,20,0.20643,0.042505592841163314,0.011649294911097488,2
codebert,10,5e-4,0.9,30,0.284264,0.22818791946308725,0.05308352849336456,2
codebert,5,5e-4,0.9,10,0.284264,0.22818791946308725,0.05308352849336456,17
unixcoder,10,1e-5,0.9,10,0.345178,0.19463087248322147,0.1726040131570576,26
codebert,5,5e-4,0.9,20,0.284264,0.22818791946308725,0.05308352849336456,2
codebert,5,5e-4,0.9,30,0.284264,0.22818791946308725,0.05308352849336456,8
unixcoder,5,1e-5,0.9,10,0.571912,0.23042505592841164,0.24691744962543233,35
unixcoder,10,1e-5,0.9,20,0.485618,0.24608501118568232,0.2568746443301316,22
unixcoder,10,1e-5,0.9,30,0.480541,0.2662192393736018,0.26223749289451626,21
unixcoder,5,1e-5,0.9,20,0.294416,0.2058165548098434,0.186037913845758,9
unixcoder,5,1e-5,0.9,30,0.2978,0.21923937360178972,0.20738959948577484,26
unixcoder,10,1e-4,0.9,10,0.307953,0.22371364653243847,0.14605667465691013,3
unixcoder,10,1e-4,0.9,20,0.451777,0.1297539149888143,0.10687633534834484,5
unixcoder,5,1e-4,0.9,10,0.324873,0.17002237136465326,0.15713312190172632,6
unixcoder,5,1e-4,0.9,20,0.319797,0.24161073825503357,0.19334010660541273,8
unixcoder,10,1e-4,0.9,30,0.331641,0.2058165548098434,0.07633476292273578,4
unixcoder,5,1e-4,0.9,30,0.333333,0.17002237136465326,0.15874618803276905,5
unixcoder,10,5e-4,0.9,10,0.284264,0.22818791946308725,0.05308352849336456,4
unixcoder,10,5e-4,0.9,20,0.284264,0.22818791946308725,0.05308352849336456,8
unixcoder,10,5e-4,0.9,30,0.284264,0.22818791946308725,0.05308352849336456,3
codet5p,10,1e-5,0.9,10,0.424704,0.27293064876957496,0.2538269874552434,34
unixcoder,5,5e-4,0.9,10,0.284264,0.22818791946308725,0.05308352849336456,4
unixcoder,5,5e-4,0.9,20,0.284264,0.22818791946308725,0.05308352849336456,2
codet5p,10,1e-5,0.9,20,0.417936,0.1767337807606264,0.15621594476419162,32
unixcoder,5,5e-4,0.9,30,0.284264,0.22818791946308725,0.05308352849336456,3
codet5p,5,1e-5,0.9,10,0.199662,0.17225950782997762,0.1632540134152037,30
codet5p,10,1e-5,0.9,30,0.509306,0.19910514541387025,0.2077096930876632,90
codet5p,5,1e-5,0.9,20,0.340102,0.23937360178970918,0.20942577772442061,63
codet5p,10,1e-4,0.9,10,0.306261,0.0894854586129754,0.09280658100543894,6
codet5p,5,1e-5,0.9,30,0.262267,0.1767337807606264,0.1309699792943053,3
codet5p,10,1e-4,0.9,20,0.313029,0.2975391498881432,0.2572721705190218,13
codet5p,5,1e-4,0.9,10,0.399323,0.25279642058165547,0.24985750264857123,28
codet5p,10,1e-4,0.9,30,0.331641,0.2505592841163311,0.21612394606675678,9
codet5p,5,1e-4,0.9,20,0.301184,0.203579418344519,0.19354124016861093,89
codet5p,10,5e-4,0.9,10,0.331641,0.18344519015659955,0.08653731948102761,10
codet5p,10,5e-4,0.9,20,0.245347,0.18791946308724833,0.056698395217117684,1
codet5p,10,5e-4,0.9,30,0.321489,0.18120805369127516,0.0896430776461407,19
codet5p,5,1e-4,0.9,30,0.240271,0.2080536912751678,0.16107298101121023,14
codebert,10,1e-5,0.7,10,0.273616,0.375,0.26218972168789295,7
codebert,10,1e-5,0.7,20,0.381107,0.28688524590163933,0.15885834500486684,13
codet5p,5,5e-4,0.9,10,0.28088,0.21476510067114093,0.10530516809751396,5
codet5p,5,5e-4,0.9,20,0.285956,0.19015659955257272,0.13112900414079287,13
codet5p,5,5e-4,0.9,30,0.292724,0.21029082774049218,0.06100828305552714,37
codebert,10,1e-5,0.7,30,0.442997,0.21721311475409835,0.19513689054579428,30
codebert,5,1e-5,0.7,10,0.309446,0.19262295081967212,0.13742701153159645,15
codebert,5,1e-5,0.7,20,0.413681,0.28688524590163933,0.15273914581088752,5
unixcoder,1,1e-5,0.7,30,0.2443,0.27459016393442626,0.1757776794204933,49
codebert,5,1e-5,0.7,30,0.32899,0.3073770491803279,0.22777935567668517,36
codebert,10,1e-4,0.7,10,0.387622,0.16188524590163936,0.0398085159989922,5
codebert,10,1e-4,0.7,20,0.394137,0.42008196721311475,0.3265923424215398,7
codebert,10,1e-4,0.7,30,0.214984,0.23565573770491804,0.14524554551171928,5
codebert,5,1e-4,0.7,10,0.387622,0.16188524590163936,0.03994943109987358,1
codebert,5,1e-4,0.7,20,0.228013,0.125,0.06058156450633784,8
unixcoder,1,1e-4,0.7,10,0.218241,0.12295081967213115,0.05226342564259486,3
codebert,10,5e-4,0.7,10,0.387622,0.16188524590163936,0.0398085159989922,1
codebert,10,5e-4,0.7,20,0.387622,0.16188524590163936,0.0398085159989922,2
unixcoder,1,1e-4,0.7,20,0.228013,0.12295081967213115,0.03128258602711157,10
codebert,10,5e-4,0.7,30,0.387622,0.16188524590163936,0.0398085159989922,8
codebert,5,1e-4,0.7,30,0.400651,0.16188524590163936,0.06614699622651364,4
unixcoder,10,1e-5,0.7,10,0.332248,0.2827868852459016,0.24605530947391258,9
unixcoder,10,1e-5,0.7,20,0.498371,0.3360655737704918,0.2746607703055442,10
unixcoder,1,1e-4,0.7,30,0.143322,0.0942622950819672,0.07784471974194108,4
codebert,5,5e-4,0.7,10,0.387622,0.16188524590163936,0.0398085159989922,12
codebert,5,5e-4,0.7,20,0.387622,0.16188524590163936,0.0398085159989922,7
unixcoder,10,1e-5,0.7,30,0.543974,0.4098360655737705,0.35202222092312463,19
codebert,5,5e-4,0.7,30,0.387622,0.16188524590163936,0.0398085159989922,4
unixcoder,1,5e-4,0.7,10,0.267101,0.14959016393442623,0.10677777994119826,2
unixcoder,1,5e-4,0.7,20,0.394137,0.1598360655737705,0.05548861611065091,2
unixcoder,5,1e-5,0.7,10,0.335505,0.36885245901639346,0.28932549356365234,13
unixcoder,1,5e-4,0.7,30,0.179153,0.11475409836065574,0.08669066098565607,1
unixcoder,5,1e-5,0.7,20,0.338762,0.32786885245901637,0.28209993275934553,30
unixcoder,10,1e-4,0.7,10,0.390879,0.16393442622950818,0.04638352638352638,2
unixcoder,10,1e-4,0.7,20,0.400651,0.444672131147541,0.298962503411855,8
codet5p,1,1e-5,0.7,10,0.211726,0.08196721311475409,0.050828292700213884,12
codet5p,1,1e-5,0.7,20,0.218241,0.13114754098360656,0.11979002288578511,63
unixcoder,10,1e-4,0.7,30,0.214984,0.1721311475409836,0.07407407407407407,2
unixcoder,5,1e-5,0.7,30,0.348534,0.13934426229508196,0.12190558742499476,20
unixcoder,10,5e-4,0.7,10,0.228013,0.12295081967213115,0.03128258602711157,5
codet5p,1,1e-5,0.7,30,0.315961,0.13114754098360656,0.1271709792635549,36
unixcoder,10,5e-4,0.7,20,0.387622,0.16188524590163936,0.0398085159989922,3
unixcoder,10,5e-4,0.7,30,0.143322,0.0430327868852459,0.011787819253438114,2
codet5p,1,1e-4,0.7,10,0.221498,0.18032786885245902,0.1806094553792483,6
codet5p,1,1e-4,0.7,20,0.087948,0.16598360655737704,0.07489738430583502,1
unixcoder,5,1e-4,0.7,10,0.260586,0.3709016393442623,0.2728588008186121,8
codet5p,1,1e-4,0.7,30,0.140065,0.13934426229508196,0.10402903979872478,15
codet5p,1,5e-4,0.7,10,0.188925,0.10040983606557377,0.060817790448567714,2
unixcoder,5,1e-4,0.7,20,0.423453,0.2336065573770492,0.14663594470046085,2
codet5p,1,5e-4,0.7,20,0.179153,0.2336065573770492,0.17473104209187795,8
codet5p,10,1e-5,0.7,10,0.241042,0.4098360655737705,0.2681925647429303,10
codet5p,10,1e-5,0.7,20,0.211726,0.39139344262295084,0.34627014007398144,9
codet5p,1,5e-4,0.7,30,0.283388,0.2786885245901639,0.1670333992627888,1
codet5p,10,1e-5,0.7,30,0.381107,0.24795081967213115,0.1870826162329564,11
codebert,1,1e-5,0.8,10,0.228013,0.12295081967213115,0.03128258602711157,1
unixcoder,5,1e-4,0.7,30,0.34202,0.19672131147540983,0.09615165158399962,1
codebert,1,1e-5,0.8,20,0.283388,0.15368852459016394,0.12369838462412404,20
codet5p,10,1e-4,0.7,10,0.449511,0.38934426229508196,0.31955953343491555,7
codebert,1,1e-5,0.8,30,0.228013,0.12295081967213115,0.03128258602711157,1
codet5p,10,1e-4,0.7,20,0.423453,0.29098360655737704,0.23739113609910506,16
codebert,1,1e-4,0.8,10,0.32899,0.19057377049180327,0.1638038314346662,11
codet5p,10,1e-4,0.7,30,0.436482,0.26229508196721313,0.22393347796474986,6
unixcoder,5,5e-4,0.7,10,0.387622,0.16188524590163936,0.0398085159989922,4
codebert,1,1e-4,0.8,20,0.381107,0.24795081967213115,0.1573867974583619,10
unixcoder,5,5e-4,0.7,20,0.387622,0.16188524590163936,0.0398085159989922,4
codet5p,10,5e-4,0.7,10,0.387622,0.16188524590163936,0.0398085159989922,2
codet5p,10,5e-4,0.7,20,0.34202,0.29508196721311475,0.1720168418971292,24
unixcoder,5,5e-4,0.7,30,0.351792,0.1680327868852459,0.07902253491543475,1
codebert,1,1e-4,0.8,30,0.387622,0.16188524590163936,0.0398085159989922,27
codet5p,10,5e-4,0.7,30,0.37785,0.16598360655737704,0.11139655930596697,13
codet5p,5,1e-5,0.7,10,0.358306,0.1762295081967213,0.0740570293998949,2
codet5p,5,1e-5,0.7,20,0.32899,0.2336065573770492,0.2252805320876531,29
codet5p,5,1e-5,0.7,30,0.283388,0.41598360655737704,0.3358569764208017,95
codebert,10,1e-5,0.8,10,0.358306,0.3422131147540984,0.22608139494558419,9
codebert,10,1e-5,0.8,20,0.23127,0.3831967213114754,0.1914941028284954,8
codebert,1,5e-4,0.8,10,0.13355,0.2807377049180328,0.09882748121385684,2
codebert,1,5e-4,0.8,20,0.387622,0.16188524590163936,0.0398085159989922,5
codebert,10,1e-5,0.8,30,0.442997,0.21721311475409835,0.13604929439844052,9
codet5p,5,1e-4,0.7,10,0.390879,0.16393442622950818,0.06521151102156689,2
codet5p,5,1e-4,0.7,20,0.270358,0.3360655737704918,0.31084035489620504,16
codet5p,5,1e-4,0.7,30,0.361564,0.3831967213114754,0.28859090732039316,9
codebert,1,5e-4,0.8,30,0.407166,0.1598360655737705,0.06544960542182467,1
codebert,10,1e-4,0.8,10,0.420195,0.2028688524590164,0.096583850931677,6
codet5p,5,5e-4,0.7,10,0.387622,0.16188524590163936,0.0398085159989922,3
codet5p,5,5e-4,0.7,20,0.423453,0.14549180327868852,0.11090394900463552,7
codebert,10,1e-4,0.8,20,0.276873,0.14549180327868852,0.11863602329440566,5
codet5p,5,5e-4,0.7,30,0.384365,0.1762295081967213,0.12555762636546333,18
unixcoder,1,1e-5,0.8,10,0.351792,0.20901639344262296,0.19616306381620913,17
codebert,10,1e-4,0.8,30,0.387622,0.16188524590163936,0.0398085159989922,2
unixcoder,1,1e-5,0.8,20,0.289902,0.17008196721311475,0.14158720128405883,18
codebert,10,5e-4,0.8,10,0.387622,0.16188524590163936,0.0398085159989922,2
codebert,5,1e-5,0.8,10,0.312704,0.28688524590163933,0.19994734916938992,16
codebert,10,5e-4,0.8,20,0.387622,0.16188524590163936,0.0398085159989922,1
codebert,10,5e-4,0.8,30,0.387622,0.16188524590163936,0.0398085159989922,5
codebert,5,1e-5,0.8,20,0.228013,0.12295081967213115,0.031512605042016806,2
codebert,5,1e-5,0.8,30,0.403909,0.1762295081967213,0.15566298673325038,31
unixcoder,10,1e-5,0.8,10,0.322476,0.2581967213114754,0.23557796724286234,10
unixcoder,1,1e-5,0.8,30,0.175896,0.3524590163934426,0.26035190564702193,39
unixcoder,10,1e-5,0.8,20,0.394137,0.3094262295081967,0.22525296296776479,17
codebert,5,1e-4,0.8,10,0.387622,0.16188524590163936,0.0398085159989922,2
unixcoder,10,1e-5,0.8,30,0.511401,0.2827868852459016,0.23333657347720446,13
codebert,5,1e-4,0.8,20,0.387622,0.16188524590163936,0.03994943109987358,3
unixcoder,1,1e-4,0.8,10,0.433225,0.15163934426229508,0.0941362377026063,4
unixcoder,1,1e-4,0.8,20,0.228013,0.12295081967213115,0.03128258602711157,18
codebert,5,1e-4,0.8,30,0.371336,0.14959016393442623,0.04493718279390964,4
unixcoder,10,1e-4,0.8,10,0.332248,0.27049180327868855,0.22065875333933002,5
codebert,5,5e-4,0.8,10,0.387622,0.16188524590163936,0.0398085159989922,10
unixcoder,10,1e-4,0.8,20,0.449511,0.23155737704918034,0.17770939784385012,4
unixcoder,1,1e-4,0.8,30,0.228013,0.12295081967213115,0.03128258602711157,18
codebert,5,5e-4,0.8,20,0.387622,0.16188524590163936,0.0398085159989922,5
codebert,5,5e-4,0.8,30,0.387622,0.16188524590163936,0.0398085159989922,4
unixcoder,5,1e-5,0.8,10,0.358306,0.16188524590163936,0.16219375669530564,27
unixcoder,10,1e-4,0.8,30,0.270358,0.09836065573770492,0.06850794650413865,1
unixcoder,10,5e-4,0.8,10,0.387622,0.16188524590163936,0.0398085159989922,4
unixcoder,10,5e-4,0.8,20,0.387622,0.16188524590163936,0.0398085159989922,7
unixcoder,10,5e-4,0.8,30,0.387622,0.16188524590163936,0.0398085159989922,21
unixcoder,5,1e-5,0.8,20,0.250814,0.29713114754098363,0.24420572201389867,11
unixcoder,1,5e-4,0.8,10,0.127036,0.12090163934426229,0.09567366417634861,3
codet5p,10,1e-5,0.8,10,0.390879,0.35860655737704916,0.290597593023446,27
unixcoder,1,5e-4,0.8,20,0.387622,0.16188524590163936,0.0398085159989922,4
codet5p,10,1e-5,0.8,20,0.452769,0.4057377049180328,0.35779124692781067,37
unixcoder,5,1e-5,0.8,30,0.429967,0.27459016393442626,0.21145579983872936,14
unixcoder,1,5e-4,0.8,30,0.37785,0.1413934426229508,0.049404117009750816,2
codet5p,10,1e-5,0.8,30,0.322476,0.36885245901639346,0.2968465276165701,15
codet5p,10,1e-4,0.8,10,0.416938,0.35860655737704916,0.27867206626104496,13
codet5p,10,1e-4,0.8,20,0.387622,0.26844262295081966,0.18786776291103077,4
unixcoder,5,1e-4,0.8,10,0.286645,0.319672131147541,0.24628076828123494,5
codet5p,1,1e-5,0.8,10,0.23127,0.14549180327868852,0.10878011303656297,33
codet5p,10,1e-4,0.8,30,0.361564,0.3463114754098361,0.29477394303600685,43
unixcoder,5,1e-4,0.8,20,0.469055,0.5676229508196722,0.42247972815328677,7
codet5p,1,1e-5,0.8,20,0.166124,0.055327868852459015,0.04642071353298825,1
codet5p,1,1e-5,0.8,30,0.34202,0.15778688524590165,0.06031780053857001,2
codet5p,10,5e-4,0.8,10,0.400651,0.16393442622950818,0.042191222690819784,1
codet5p,10,5e-4,0.8,20,0.387622,0.16188524590163936,0.0398085159989922,2
codet5p,1,1e-4,0.8,10,0.257329,0.13319672131147542,0.09477797268516104,9
unixcoder,5,1e-4,0.8,30,0.403909,0.5266393442622951,0.3803001569059431,5
codet5p,10,5e-4,0.8,30,0.387622,0.16188524590163936,0.0398085159989922,4
codet5p,1,1e-4,0.8,20,0.14658,0.0471311475409836,0.03957689956879877,1
codet5p,1,1e-4,0.8,30,0.228013,0.15368852459016394,0.11115612864858494,6
codebert,10,1e-5,0.9,10,0.42671,0.30327868852459017,0.24850784760796008,17
codet5p,1,5e-4,0.8,10,0.224756,0.08401639344262295,0.08723336187856205,3
codet5p,1,5e-4,0.8,20,0.149837,0.1413934426229508,0.13755207748338708,3
codebert,10,1e-5,0.9,20,0.315961,0.2766393442622951,0.23271803579603553,17
codet5p,1,5e-4,0.8,30,0.400651,0.14959016393442623,0.04421006924606349,1
unixcoder,5,5e-4,0.8,10,0.387622,0.16188524590163936,0.0398085159989922,7
codebert,1,1e-5,0.9,10,0.237785,0.27459016393442626,0.14004645586290693,6
unixcoder,5,5e-4,0.8,20,0.387622,0.16188524590163936,0.0398085159989922,4
codebert,1,1e-5,0.9,20,0.18241,0.23155737704918034,0.17473689197545875,29
unixcoder,5,5e-4,0.8,30,0.387622,0.16188524590163936,0.0398085159989922,3
codebert,10,1e-5,0.9,30,0.332248,0.3831967213114754,0.2781319582147885,14
codebert,1,1e-5,0.9,30,0.296417,0.14344262295081966,0.09957597533585376,53
codet5p,5,1e-5,0.8,10,0.136808,0.2827868852459016,0.16709254144147123,9
codet5p,5,1e-5,0.8,20,0.283388,0.12090163934426229,0.08766389790597569,9
codebert,10,1e-4,0.9,10,0.423453,0.2766393442622951,0.2206436501066276,10
codet5p,5,1e-5,0.8,30,0.237785,0.39139344262295084,0.25888702250238627,15
codebert,10,1e-4,0.9,20,0.397394,0.1557377049180328,0.050668543279380716,4
codet5p,5,1e-4,0.8,10,0.335505,0.305327868852459,0.2442271430674177,32
codebert,1,1e-4,0.9,10,0.263844,0.1762295081967213,0.10329769041661983,7
codebert,10,1e-4,0.9,30,0.394137,0.1680327868852459,0.06159061054451705,6
codebert,1,1e-4,0.9,20,0.338762,0.45286885245901637,0.28510577569651596,11
codet5p,5,1e-4,0.8,20,0.241042,0.22950819672131148,0.20309048980754754,21
codet5p,5,1e-4,0.8,30,0.211726,0.3401639344262295,0.279631371918393,10
codebert,10,5e-4,0.9,10,0.387622,0.16188524590163936,0.0398085159989922,4
codebert,1,1e-4,0.9,30,0.355049,0.13524590163934427,0.03763900769888794,1
codebert,10,5e-4,0.9,20,0.387622,0.16188524590163936,0.0398085159989922,5
codet5p,5,5e-4,0.8,10,0.289902,0.13319672131147542,0.06310604096448016,1
codet5p,5,5e-4,0.8,20,0.403909,0.3442622950819672,0.25444455670398897,25
codebert,10,5e-4,0.9,30,0.387622,0.16188524590163936,0.0398085159989922,10
codet5p,5,5e-4,0.8,30,0.387622,0.16188524590163936,0.0398085159989922,2
unixcoder,10,1e-5,0.9,10,0.459283,0.3729508196721312,0.3350200668644532,21
codebert,1,5e-4,0.9,10,0.387622,0.16188524590163936,0.0398085159989922,2
codebert,1,5e-4,0.9,20,0.390879,0.16188524590163936,0.04858784455759307,6
codebert,5,1e-5,0.9,10,0.358306,0.46311475409836067,0.32621843046444,27
unixcoder,10,1e-5,0.9,20,0.371336,0.3319672131147541,0.22220810489530557,8
codebert,5,1e-5,0.9,20,0.348534,0.2540983606557377,0.14095637104052253,13
codebert,1,5e-4,0.9,30,0.361564,0.18237704918032788,0.09982008360239437,3
codebert,5,1e-5,0.9,30,0.273616,0.20901639344262296,0.16904973091186268,76
unixcoder,10,1e-5,0.9,30,0.472313,0.5778688524590164,0.4130944487921481,50
unixcoder,1,1e-5,0.9,10,0.241042,0.3073770491803279,0.18667835550753814,17
unixcoder,1,1e-5,0.9,20,0.241042,0.13114754098360656,0.08525633148157644,9
unixcoder,1,1e-5,0.9,30,0.371336,0.36065573770491804,0.20914922642337722,30
unixcoder,1,1e-4,0.9,10,0.224756,0.2766393442622951,0.15271569750942096,6
unixcoder,10,1e-4,0.9,10,0.355049,0.19262295081967212,0.07927680438241265,3
unixcoder,1,1e-4,0.9,20,0.332248,0.17418032786885246,0.06990892725843036,1
codebert,5,1e-4,0.9,10,0.228013,0.12295081967213115,0.03133977539827631,1
unixcoder,10,1e-4,0.9,20,0.387622,0.16188524590163936,0.0398085159989922,20
codebert,5,1e-4,0.9,20,0.384365,0.16188524590163936,0.04002026342451874,2
unixcoder,1,1e-4,0.9,30,0.387622,0.16188524590163936,0.0398085159989922,29
codebert,5,1e-4,0.9,30,0.387622,0.18442622950819673,0.0865341863917588,2
unixcoder,10,1e-4,0.9,30,0.247557,0.4651639344262295,0.2731855898107913,15
codebert,5,5e-4,0.9,10,0.387622,0.16188524590163936,0.0398085159989922,3
codebert,5,5e-4,0.9,20,0.387622,0.16188524590163936,0.0398085159989922,6
codebert,5,5e-4,0.9,30,0.387622,0.16188524590163936,0.0398085159989922,2
unixcoder,1,5e-4,0.9,10,0.228013,0.12295081967213115,0.03128258602711157,6
unixcoder,5,1e-5,0.9,10,0.514658,0.22131147540983606,0.2078802106570503,22
unixcoder,1,5e-4,0.9,20,0.270358,0.0942622950819672,0.03885147730386956,1
unixcoder,1,5e-4,0.9,30,0.208469,0.2151639344262295,0.08731653414686878,2
unixcoder,10,5e-4,0.9,10,0.387622,0.16188524590163936,0.0398085159989922,5
unixcoder,10,5e-4,0.9,20,0.107492,0.11475409836065574,0.059846955188745755,1
unixcoder,10,5e-4,0.9,30,0.143322,0.0430327868852459,0.011787819253438114,3
unixcoder,5,1e-5,0.9,20,0.436482,0.35860655737704916,0.28247144464807267,17
codet5p,10,1e-5,0.9,10,0.28013,0.32786885245901637,0.25173950744608614,23
codet5p,1,1e-5,0.9,10,0.299674,0.27049180327868855,0.1902640988610719,30
codet5p,10,1e-5,0.9,20,0.355049,0.2848360655737705,0.23160908791849139,12
codet5p,1,1e-5,0.9,20,0.172638,0.09836065573770492,0.055990553727127704,1
unixcoder,5,1e-5,0.9,30,0.247557,0.08401639344262295,0.0442460431023376,2
codet5p,10,1e-5,0.9,30,0.364821,0.3094262295081967,0.23524538836835163,26
codet5p,1,1e-5,0.9,30,0.143322,0.040983606557377046,0.030692514218437567,5
codet5p,1,1e-4,0.9,10,0.387622,0.13524590163934427,0.06497252747252748,1
codet5p,1,1e-4,0.9,20,0.153094,0.06762295081967214,0.0392067063013069,4
codet5p,10,1e-4,0.9,10,0.322476,0.36065573770491804,0.24399842740547692,5
unixcoder,5,1e-4,0.9,10,0.482085,0.1680327868852459,0.17273415967052272,4
codet5p,10,1e-4,0.9,20,0.368078,0.39139344262295084,0.28370976740013554,4
codet5p,1,1e-4,0.9,30,0.136808,0.04918032786885246,0.038208574884791735,3
unixcoder,5,1e-4,0.9,20,0.416938,0.17008196721311475,0.06743027789628249,5
codet5p,10,1e-4,0.9,30,0.37785,0.5389344262295082,0.40836308949347994,12
codet5p,1,5e-4,0.9,10,0.153094,0.26024590163934425,0.16767653695814475,3
codet5p,1,5e-4,0.9,20,0.149837,0.1721311475409836,0.14577820144165024,4
codet5p,10,5e-4,0.9,10,0.319218,0.13114754098360656,0.06138196394301219,5
codet5p,1,5e-4,0.9,30,0.364821,0.17827868852459017,0.07204956706905738,2
codet5p,10,5e-4,0.9,20,0.270358,0.2192622950819672,0.1999767879606309,24
unixcoder,5,1e-4,0.9,30,0.472313,0.1864754098360656,0.15310822876109173,9
codet5p,10,5e-4,0.9,30,0.387622,0.16188524590163936,0.0398085159989922,3
unixcoder,5,5e-4,0.9,10,0.32899,0.0942622950819672,0.04084403487643045,1
unixcoder,5,5e-4,0.9,20,0.387622,0.16188524590163936,0.0398085159989922,16
unixcoder,5,5e-4,0.9,30,0.387622,0.16188524590163936,0.0398085159989922,8
codet5p,5,1e-5,0.9,10,0.143322,0.12704918032786885,0.08259968042576737,1
codet5p,5,1e-5,0.9,20,0.289902,0.17827868852459017,0.1614337281714457,74
codet5p,5,1e-5,0.9,30,0.371336,0.45491803278688525,0.3148594638133964,99
codet5p,5,1e-4,0.9,10,0.387622,0.16188524590163936,0.0398085159989922,2
codet5p,5,1e-4,0.9,20,0.306189,0.26639344262295084,0.2149504976018178,5
codet5p,5,1e-4,0.9,30,0.407166,0.24180327868852458,0.23547501632394394,96
codet5p,5,5e-4,0.9,10,0.345277,0.15163934426229508,0.044111433852653814,18
codet5p,5,5e-4,0.9,20,0.387622,0.16188524590163936,0.0398085159989922,3
codet5p,5,5e-4,0.9,30,0.387622,0.16188524590163936,0.0398085159989922,4
